<?xml version="1.0" encoding="UTF-8"?>
<project-private xmlns="http://www.netbeans.org/ns/project-private/1">
    <editor-bookmarks xmlns="http://www.netbeans.org/ns/editor-bookmarks/2" lastBookmarkId="0"/>
    <open-files xmlns="http://www.netbeans.org/ns/projectui-open-files/2">
        <group>
            <file>file:/C:/Users/isyed/Downloads/Compressed/Semester%20Project%20-%20JAVA/Cinema_Management_System/src/management/cinema/logic/Movie_information.java</file>
            <file>file:/C:/Users/isyed/Downloads/Compressed/Semester%20Project%20-%20JAVA/Cinema_Management_System/src/management/cinema/gui/Customer_History.java</file>
            <file>file:/C:/Users/isyed/Downloads/Compressed/Semester%20Project%20-%20JAVA/Cinema_Management_System/src/management/cinema/gui/About_Project.java</file>
            <file>file:/C:/Users/isyed/Downloads/Compressed/Semester%20Project%20-%20JAVA/Cinema_Management_System/src/management/cinema/mainclass/Cinema_Management_System.java</file>
            <file>file:/C:/Users/isyed/Downloads/Compressed/Semester%20Project%20-%20JAVA/Cinema_Management_System/src/management/cinema/gui/AddmoreAdmins.java</file>
            <file>file:/C:/Users/isyed/Downloads/Compressed/Semester%20Project%20-%20JAVA/Cinema_Management_System/src/management/cinema/Dbconnection/NewClass.java</file>
            <file>file:/C:/Users/isyed/Downloads/Compressed/Semester%20Project%20-%20JAVA/Cinema_Management_System/src/management/cinema/gui/BookTicket_or_Login.java</file>
            <file>file:/C:/Users/isyed/Downloads/Compressed/Semester%20Project%20-%20JAVA/Cinema_Management_System/src/management/cinema/gui/GiantAdminWindowFrame.java</file>
            <file>file:/C:/Users/isyed/Downloads/Compressed/Semester%20Project%20-%20JAVA/Cinema_Management_System/src/management/cinema/gui/Delete_Admins.java</file>
            <file>file:/C:/Users/isyed/Downloads/Compressed/Semester%20Project%20-%20JAVA/Cinema_Management_System/src/management/cinema/gui/CinemaEmployeeAuthentication.java</file>
        </group>
    </open-files>
</project-private>
